<beans xmlns="http://www.springframework.org/schema/beans"
	xmlns:context="http://www.springframework.org/schema/context"
	xmlns:mvc="http://www.springframework.org/schema/mvc" xmlns:xsi="http://www.w3.org/2001/XMLSchema-instance"
	xsi:schemaLocation="
        http://www.springframework.org/schema/beans     
        http://www.springframework.org/schema/beans/spring-beans-3.0.xsd
        http://www.springframework.org/schema/context 
        http://www.springframework.org/schema/context/spring-context-3.0.xsd
        http://www.springframework.org/schema/mvc
        http://www.springframework.org/schema/mvc/spring-mvc-3.0.xsd">

	<!-- I need DI a message into controller, so component scan is disabled, 
		to avoid double instatetial movieController bean. <context:component-scan 
		base-package="com.mkyong.controller" /> -->

	<context:component-scan base-package="com.mkyong.controller">
		<context:exclude-filter type="regex"
			expression="com.mkyong.controller.Movie.*" />
	</context:component-scan>

	<mvc:annotation-driven />

	<!-- Bean to show you Di in GAE, via Spring, also init the MovieController -->
	<bean class="com.mkyong.controller.MovieController">
		<property name="message">
			<value>Hello World</value>
		</property>
	</bean>

	<bean
		class="org.springframework.web.servlet.view.InternalResourceViewResolver">
		<property name="prefix">
			<value>/pages/</value>
		</property>
		<property name="suffix">
			<value>.jsp</value>
		</property>
	</bean>

</beans>